text,label
contestatie act administrativ fiscal,0
contestatie act administrativ fiscal,0
comunicare informatii de interes public,0
contestatie impotriva raportului privind cauzele aparitiei starii de insolventa,2
constatare caracter abuziv clauze contractuale,1
litigiu privind functionarii publici,0
litigiu privind achizitiile publice,0
contestatie impotriva masurilor administratorului judiciar,2
contestatie impotriva tabelului preliminar al creantelor,2
poprire asiguratorie,4
comunicare informatii de interes public,0
litigiu privind functionarii publici,0
contestatie act administrativ fiscal,0
suspendare act administrativ,0
prejudiciu moral suplimentar,4
necompetenta generala a instantelor,4
raspundere administrator,4
suspendare executare act administrativ,0
litigiu privind functionarii publici,0
litigiu privind functionarii publici,0
contestatie act administrativ fiscal,0
contestatie impotriva tabelului preliminar al creantelor,2
pretentiiexceptia de necompetenta,1
litigiu privind functionarii publici,0
ordonanta presedintiala,4
obligatia de a face,2
litigiu privind achizitiile publice,0
contestatie impotriva masurii administratorului judiciar,2
litigiu privind functionarii publici,0
suspendare executare act administrativ,0
actiune in constatare,1
banci operatiuni bancare,1
contestatie impotriva raportului de activitate,2
actiune in anularea transferului fraudulos,2
contesatatie la tabelul preliminar modificat,2
litigiu privind functionarii publici,0
contestatie act administrativ fiscal,0
interventiereg com,1
constatarea transformarii caracterului asiguratoriu al masurii instituite in cursul procesului penal sechestru asigurator in caracter executoriu,2
litigiu privind functionarii publici,0
atragerea raspunderii patrimoniale,2
nulitate act juridic,1
obligare emitere act administrativ,0
obligarea la virarea soldului disponibil in contul unic de lichidare,2
anulare act administrativfiscal,0
comunicare informatii de interes public,0
opozitie la incheierea de deschidere a procedurii generale a insolventei,2
contestatia impotriva hotararii adunrii creditorilor,2
contestatia impotriva tabelului preliminar,2
contestatia impotriva tabelului preliminar,2
contestatie act administrativ fiscal,0
contestatie act administrativ fiscal,0
atragerea raspunderii pentru intrarea in insolventa art din legea ne,2
contestatia impotriva masurilor alichidatorului judiciar,2
litigiu privind functionarii publici,0
contestatie impotriva hotararii adunarii creditorilor,2
actiune in anularea promisiunii bilaterale de vanzarecumparare,2
sanctiune pentru neexecutare hotarare,0
litigiu privind functionarii publici,0
litigiu privind achizitiile publice,0
contestatie la tabelul preliminar,2
actiune in anularea promisiunii bilaterale de vanzarecumparare,2
contestatie impotria hotararii adunarii creditorilor,2
litigiu privind functionarii publici,0
litigiu privind functionarii publici,0
contestatie la tabelul preliminar al creantelor,2
obiectiuni la raportul final de activitate,2
litigii cu profesionistii ordonanta presedintiala,4
confirmare plan reorganizare,2
cerere de interventie onrc,4
litigiu privind functionarii publici,0
contestatie impotriva hotararii adunarii creditorilor,2
opozitie la incheierea de deschidere a procedurii insolventei,2
contestatie impotriva masurilor administratorului judiciar,2
confirmare plan reorganizare,2
contestatie act administrativ fiscal,0
litigiu functionari publici,0
ordonanta presedintiala suspendarea hotararii adunarii generale a creditorilor,2
actiune in anulare,2
contestatie la text,2
plangere impotriva rezolutiei directorului orctb,4
suspendare executare act administrativ,0
ordonanta presedintiala,4
contestatie impotriva masurilor administratorului judiciar,2
cerere de renuntare la mandat formulata de lichidatorul judiciar,2
cerere de deschidere procedura secundara de insolventa,2
litigiu privind functionarii publici,0
comunicare informatii de interes public,0
ordonanta presedentiala,4
cerere de deschidere procedura secundara de insolventa,2
cerere de deschidere a proceduii insolventafata de o sucursala,2
comunicare informatii de interes public,0
cerere deschidere procedura insolventa sucursala,2
suspendare executare act administrativ,0
contestatia impotriva somatiei de plata,2
actiune in anularea contractului de cesiune parti sociale,2
actiune in anularea masurilor de executare silita,2
actiune in anulare,2
atragerea raspunderii pentru intrarea in insolventa,2
litigiu privind functionarii publici,0
contestatia impotriva masurii administratorului judiciar de respingere a cererii prtivind subrogarea legala a contestatorilor in toate drepturilor creditorilor garantati,2
atragerea raspunderii pentru intrarea in insolventa,2
contestatie impotriva masurilor administratorului judiciar,2
contestatie impotriva raportului asupra cauzelor si imprejurarilor care au determinat starea de insolventa,2
contestatie la tabelul preliminar,2
litigiu privind functionarii publici,0
litigiu privind functionarii publici,0
contestatie impotriva hotararii adunarii creditorilor,2
suspendare executare act administrativ,0
contestatie impotriva raportului de activitate,2
contestatie impotriva procesului verbal al adunarii creditorilor,2
contestatie impotriva masurii administratorului judiciar,2
litigiu privind functionarii publici,0
obligatia de a face,2
contestatie la executare,2
suspendare executare act administrativ,0
reziliere contract,2
contestatie impotriva raportului de distribuire si a planului de distribuire,2
contestatia impotriva raportului de activitate,2
reziliere contract,2
anulare contract de garantie,2
litigiu privind functionarii publici,0
contestatie impotriva procesului verbal de licitatie,2
anulare operatiuni transfer patrimonial bunuri mobile si imobile,2
obligatia de a face incheiere contract vanzarecumparare in forma autentica,2
reexaminare impotriva solutiei de respingere a cererii de obligare a lichidatorului judiciar la plata de despagubiri civile,2
contestatie impotriva tabelului preliminar al creantelor,2
atragerea raspunderii patrimoniale art din legea nr,2
analiza practicii de desfiintare a hotararilor trimestrul ii,2
contestatie la starea de insolventa,2
raspunderea patrimoniala reglementata de art din legea,2
necesitatea dovedirii existentei pasivului debitorului,2
decizia civila nr,1
novatie prin schimbare de debitordelegatie perfectaefectele novatiei,1
contract de depunere de sume de bani la cecdobanda,1
contract de vanzare cumparare actiuni prejudiciu evaluare conventionala penalitati,1
nulitate hotarare aga nulitatea procurilor acordate de actionarii majoritari pentru a fi reprezentati in aga,4
anulare hotarare aga nerespectarea art din legea nr,4
anulare hotarare aga modificare act constitutiv cvorum,4
deschiderea procedurii de faliment,2
inchiderea procedurii falimentului prin care se solutioneaza cererea avand ca obiect angajarea raspunderii patrimoniale,2
daune interese compensatoriidenuntare abuziva a contractului,1
cerere privind atragerea raspunderii personale a membrilor organelor de supraveghere sau de conducere ai debitorului,2
cerere privind atragerea raspunderii personale a membrilor organelor de supraveghere sau de conducere ai debitorului,2
executarea obligatiilor contractuale,1
deschiderea procedurii de insolventa prevazuta de legea,2
deschiderea procedurii de insolventa prevazuta de legea,2
anulare aga mandate ale consiliului de administratie expirate adunarea generala a societatii comercialeorgan suprem de conducere a activitatii,4
cerere privind atragerea raspunderii personale a membrilor organelor de supraveghereconducere ai debitorului,2
deschiderea procedurii de insolventa prevazuta de legea,2
obligatiile partilor in cadrul contractelor comerciale,1
indreptare eroare materiala,1
recurscheltuieli de judecata,1
plangere impotriva rezolutiei procurorului termen sesizarea altui procuror ierarhic superior decat cel competent sa solutioneze plangerea consecinte cu privire la calculul termenului de formulare a plangerii in fata judecatorului,3
plangere impotriva rezolutiei procurorului termen momentul de la care incepe sa curga cerere de comunicare a solutiei de neincepere a urmaririi penale calificare gresita consecinte cu privire la calculul termenului de formulare a plangerii in f,3
actiune in anulare,2
cerere de deschidere a procedurii de insolventa prevazuta de legea,2
actiune in anulare,2
daune interese cval banesti,1
daune interese cval banesti,1
cerere de deschidere a procedurii de insolventa prevazuta de legea,2
cerere de deschidere a procedurii de insolventa prevazuta de legea,2
cerere de deschidere a procedurii de insolventa prevazuta de legea,2
plangere impotriva rezolutiei procurorului natura juridica termen modalitate de calcul analiza pe fond a plangerii tardiv introduse la primprocuror consecinte,3
cerere de deschidere a procedurii de insolventa prevazuta de legea,2
indeplinirea conditiilor de admisibilitate in cazul somatiei de plata,1
cerere de atragere a raspunderii personaleconform art din e legea,2
imposibilitatea cumularii executarii in natura cu clauza penala constand in daune compensatorii,3
inceperea urmaririi penale procedura aplicarea in timp a legii procesual penale,3
imposibilitatea cumularii executarii in natura cu clauza penala constand in daune compensatorii,3
cerere de deschidere a procedurii de insolventa prevazuta de legea,2
cerere de deschidere a procedurii de insolventa prevazuta de legea,2
autoritate de lucru judecat cu privire la cuntumul prejudiciului,1
contestatii la declaratii de creanta,2
suspendare executare act administrativ,0
contestatie impotriva raportului prevazut de art din legea nr intocmit de lichidatorul judiciar,2
opozitie la dizolvare,4
suspendare activitate,4
contestatie impotriva raportului prevazut de art din legea nr intocmit de lichidatorul judiciar,2
reziliere contract de leasing financiar calitate procesuala activa,1
suspendare executare act administrativ,0
suspendare executare act administrativ,0
cerere de deschidere a procedurii insolventei,2
rezolutiune antecontract de vanzare cumparare posibilitatea invocarii clauzei penale constand in daune interese in cazul executarii partiale a unei obligatii complexe,3
respectarea principiului sigurantei circuitului civil si a buneicredinte a subdobanditorului unui imobil cu text oneros prin prisma art din protocolul al cedo,3
plangerea formulata impotriva solutiei procurorului calitate procesuala agentia nationala de integritate,3
inregistrare mentiuni cerere de interventie,4
contestatie la tabelul obligatiilor debitoarei,2
cerere de inchidere a procedurii insolventei,2
suspendare act administrativ,0
obligatiile mandatarului,4
actiunea in anularea somatiei de plata neindeplinirea conditiilor prev de art din oug,4
cerere de deschidere a procedurii insolventei,2
contestatie la executare perimarea executarii silite conform art alin cpciv interpretarea lipsei de staruinta a creditorului privind executarea silita,3
retragere asociat inadmisibilitatea actiunii in situatia in care societatea este dizolvata,4
contestatie la declaratiile de creanta,2
contestatii la tabelul creantelor,2
obligarea la transferarea sumelor de bani in contul unic,2
nulitate contract vanzare cumparare,1
contestatie la raportul asupra fondurilor obtinute din lichidare si plan de distributie,2
contestatie la tabelul creantelor si impotriva adunarii generale a creditorilor,2
contestarea declaratiilor de creanta,2
analiza manifestarii de vointa a partilor contractante in privinta executarii contractului,1
contract de furnizare servicii de televiziune prin cablu,1
contract de distributie materisle promotionale,1
confirmare plan reorganizare,2
atragerea raspunderii patrimonialeart din legea nr,2
neexecutarea obligatiei de plata a chiriei,1
imputatia platii,1
opozitie la incheierea de deschidere a procedurii insolventei,2
cerere de deschidere a procedurii insolventei,2
opozitie formulata impotriva hotararii aga,4
contestatie la anuntul de vanzare imobil,2
actiune in anulare ordonanta de plata,1
cerere intemeiata pe dispozitiile art din legea nr,2
conditiile pe care trebuie sa le indeplineasca cererea de inregistrare a unor mentiuni in registrul comertului,4
actiune in anularea actelor frauduloase,2
competenta materiala a tribunalului,4
caracterul intuitu personae al dreptului la executare silita acordat societatilor de credit,4
angajarea raspunderii patrimoniale a administratorului societatii debitoare,2
cerere de interventie formulata in dosarul registrului comertului de inregistrare mentiuni,4
contestatie la tabelul definitiv consolidat,2
confirmare plan reorganizare,2
admisibilitatea actiunii in constatare,1
modalitatea de exprimare a acordului asupra continuarii derularii contractului,1
actiune in anulare,2
atragerea raspunderii patrimoniale art din legea nr,2
actiune in anularea contractului de cesiune marca,2
aplicarea disp art ind cpc,4
indeplinirea conditiilor pentru atragerea raspunderii contractuale,4
dreptul de folosinta asupra imobilului inexistenta raporturilor locative,4
cerere de deschidere a procedurii insolventei,2
contestatie la tabelul definitiv al creantelor,2
competenta,1
contestatie la tabelul definitiv al creantelor,2
atragerea raspunderii patrimoniale a membrilor organelor de conducere,2
indeplinirea obligatiilor asumate prin contractul de inchiriere,1
actiune in anularea actelor frauduloase art din legea nr,2
dovedirea informatiei de risc bancar,1
actiune in anularea actelor frauduloase art din legea nr,2
cerere de instituire sechestru asigurator,2
achitarea taxei de timbru doar pentru unul dintre capetele de cerere,4
sumele datorate cu text de chirie,1
anularea hotararii aga competenta teritoriala,4
contestatie la planul de distributie,2
contract de inchiriere dauneinterese,1
cererea creditorului de deschidere a procedurii insolventei,2
exceptia de neexecutare a contractului,1
contestatie tabel preliminar,2
opozitie impotriva incheierii de deschidere a procedurii insolventei,2
rezolutiune contract de vanzarecumparare notificarea de rezolutiune,1
actiune in anulare,2
actiune in anulare plati,2
obligatia de face,2
contestatia impotriva hotararii adunarii creditorilor,2
contestatie la declaratie de creanta,2
nulitate act juridic autoritatea de lucru judecat,1
calitatea procesuala pasiva creanta certa lichida si exigibila,1
suspendarea executare hotarare aga neprejudecarea fondului cauzei,4
suspendarea executarii prevederilor contractuale,1
suspendare executare hotarare aga inadmisibilitate,4
contravaloare folosinta spatiu prescriptia dreptului material la actiune,1
contestatia impotriva raportului de activitate intocmit de administratorul judiciar,2
contestatia impotriva procesului verbal al adunarii creditorilor,2
cerere de atragere a raspunderii patrimoniale,2
anulare contract de leasing transferul dreptului de proprietate,1
recursdrept de creanta,1
restituire marfa,2
contestatie la tabelul definitiv consolidat al creantelor,2
contestatia impotriva hotararii adunarii creditorilor,2
contestatie impotriva tabelului preliminar,2
cerere de deschidere a procedurii insolventei,2
contestatie impotriva raportului de activitate intocmit de lichidatorul judiciar,2
ridicare suspendare actiuni judiciare si extrajudiciare,2
actiune in anularea actelor frauduloase,2
contestatie la tabelul preliminar al creantelor,2
contestatie impotriva tabelului preliminar al creantelor,2
contestatie impotriva tabelului preliminar al creantelor,2
actiune in anulare,2
contestatie impotriva masurilor luate de administratorul judiciar,2
actiune in anulare,2
angajarea raspunderii contractuale,1
plangere impotriva rezolutiei directorului orc,4
ordonanta de plata actiune in anulareadmisibilitate,4
necompetenta generala a instantelor de judecata,1
raspunderea proprie a fostului asociat lipsa interesului,4
clauze abuzive,1
dizolvare societateexcludere asociat,4
transportul pe caile ferate,4
anulare hotarare aga regula dublei majoritati,4
actiune in anulare,2
contestatie tabel creante,2
actiune in anularea transferului patrimonial,2
deschidere procedura faliment societate de asigurare reasigurare,2
contestatie tabel preliminar creante,2
contestatie tabel definitiv,2
cerere de deschidere a procedurii insolventei,2
actiune in anulare,2
contestatie tabel preliminar,2
comunicare informatii de interes public,0
litigiu privind functionarii publici,0
litigiu privind functionarii publici,0
contestatie act administrativ fiscal,0
litigiu privind functionarii publici,0
suspendare executare act administrativ,0
reorganizare judiciara si faliment inlocuire lichidator judiciar conditii,2
reorganizare judiciara si faliment cerere formulata de creditoare in temeiul art actualmente art din legea nr republicata motivata pe neanalizarea de catre lichidatorul judiciar a indeplinirii elementelor acestei raspunderi patr,2
reorganizare judiciara si faliment respingerea cererii formulata de creditoarea avasautoritatea pentru valorificarea activelor statului privind consolidarea creantei proprii in usd,2
reorganizare judiciara si faliment termenul pana la care poate fi formulata cererea privind raspunderea membrilor organelor de conducere ale societatii debitoare,2
intrerupere executare pedeapsa instanta competenta,3
constatarea nulitatii contractului de vanzarecumparare,1
nulitate contract vanzarecumparare,1
procedura insolventei angajarea raspunderii administratorului pentru fapta prevazuta de art lit d din legea nr in prezent art litd din legea nr conditiile si natura raspunderii,2
constatare nulitate contract de vanzarecumparare incheiat in temeiul legii nr preluare fata text in baza decretului nr principiul validitatii aparentei in drept reacredinta,1
drept civil labell de aplicare a dispozitilor legii art alin si,1
aplicabilitatea dispozitiilor art cod procedura civila in cazul obligatiilor alternative restituirea marfurilor sau plata contravalorii acestora,3
deschiderea procedurii insolventei conditii,2
suspendarea judecatii procedurii de lichidare pe calea ordonantei presedintiale,2
dizolvarea unei societati cu raspundere limitata cu asociat unic consecinte,4
comunicarea hotararii schimbarea sediului nerespectarea dispozitiilor art cprocciv consecinte,3
autorizarea constituirii si inmatricularii unei societati comerciale in registrul comertului denumirea conditii,4
intregirea obiectului cererii in conditiile art cod procedura civila neefectuarea procedurii concilierii directe cu privire la cererea de majorare a pretentiilor in cursul litigiului consecinte,3
insolventa conditiile impuse creantei creditorului autor al cererii de deschidere a procedurii insolventei,2
conditiile de exercitiu ale actiunii civile interesul,3
calitate procesuala pasiva si legatura de cauzalitate intre fapta si prejudiciu in cazul raspunderii intemeiate pe dispozitiile art din legea nr,2
exceptia lipsei capacitatii procesuale de folosinta a primariei municipiului,3
insolventa cererea de atragere a raspunderii administratorului calitate procesuala activa dupa intrarea in vigoare a legii nr,2
contract de comision efecte prezumtia de mandat tacit reciproc intre soti calitate procesuala pasiva,1
scrisoare de garantie bancara contract de garantie reala raporturi daune directe solicitate de garant pentru neexecutare stabilirea culpei contractuale,1
legea nr privind reorganizarea judiciara si falimentul modificata si republicata notiunea de acte operatiuni si plati ulterioare deschiderii procedurii competenta de solutionare a actiunilor in constatarea nulitatii acestor acte,2
legea nr privind societatile comerciale modificata si republicata dispozitiile art din lege privind exercitarea mandatului in cazul pluralitatii de administratori natura juridica dispozitiva a acestei norme,4
raspunderea membrilor organelor de conducere articolul din legea nr republicata articolul din legea nr,2
radiere societate comerciala in baza legii nr,4
societate comerciala vanzarea unor bunuri a caror valoare nu depaseste din valoarea contabila a activului patrimonial hotararea adunarii generale ordinare a actionarilor prin care sa aprobat vanzarea activului nulitate consecinte,1
contract de vanzarecumparare actiuni vicierea consimtamantului prin dol inexistenta confirmarea actului prin executarea obligatiei de catre debitor,1
oug privind atribuire contractelor de achizitie publica a contractelor de concesiune de lucrari publice si a contractelor de concesiune de servicii,1
informatii de interes public si liberul acces la acestea potrivit lg cu modificarile ulterioare lege privind liberul acces la informatiile de interes public,0
inregistrare mentiuni la registrul comertului privind modificarea actului constitutiv al societatii,4
procedura insolventei casarea hotararii judecatorului sindic prin care se dispusese deschiderea procedurii nulitatea actelor de procedura subsecvente mentinerea unor acte de procedura situatia retribuirii practicianului in insolventa,2
hotararea consiliului de administratie privind majorarea capitalului social prin aport in natura actiune in constatarea nulitatii absolute formulata de tert conditii de exercitare interesul personal ocrotit juridic,4
principiul precautiei in adoptarea deciziilor privind mediul principiul prevenirii riscurilor ecologice si al producerii daunelor garantarea dreptului de consultare in vederea luarii deciziilor privind legislatia si normele de mediu,4
renuntarea la judecata cererea reclamantului de obligare a paratului la plata cheltuielilor de judecata netemeinicie,3
faliment pierderea calitatii procesuale active in urma cesionarii creantei catre o terta societate consecinte fata de lipsa manifestarii de vointa a cesionarului pentru continuarea procesului in calea de atac,2
cerere de atragere a raspunderii membrilor organelor de conducere art alin din legea nr,2
contract de inchiriere incheiat in urma adjudecarii licitatiei clauze contractuale conditii de modificare,1
asociere in participatiune efecte,1
actiunea in radiere reglementata de dispozitiile art din legea nr,4
incidenta dispozitiilor art alin din legea nr asupra societatilor comerciale consecinte,4
anularea contractului de vanzarecumparare al subdobanditorului conform articolului din legea nr,2
societate comerciala vanzarea unor bunuri a caror valoare nu depaseste din valoarea contabila a activului patrimonial hotararea adunarii generale ordinare a actionarilor prin care sa aprobat vanzarea activului nulitate consecinte,4
cereri de atragere a raspunderii prevazute de legea nr calitate procesuala activa,2
deschidere procedura conditii impuse de art alin si art din legea nr pentru incheierea actelor dupa acest moment sanctiuni,2
cerere formulata de debitor pentru declansarea procedurii insolventei conditii,2
procedura insolventei inaplicabilitatea dispozitiilor legii nr fata de asociatiile agricole fara personalitate juridica,2
inchiderea procedurii insolventei,2
incheierea contractului de vanzarecumparare prin oferta urmata de executarea acesteia,1
delegatie imperfecta,1
contract de ipoteca stingerea ipoteciiact autentic forta probanta,1
natura comerciala a cauzeinulitate absoluta contract de instrainareimobilteren catre o societate comerciala,1
procedura insolventei plan de reorganizare tardivitate,4
starea de insolventa creanta prescrisa,4
cerere de atragere a raspunderii patrimoniale reglementata de art din legea nr republicata si modificata procedura de citare,4
cerere de atragere a raspunderii patrimoniale reglementata de art din legea nr republicata in prezent art din legea nr termen de prescriptie neretroactivitate lege noua,4
cerere de atragere a raspunderii patrimoniale reglementata de art din legea nr republicata si modificata sarcina probei,4
competenta de atributiune a instantei judecatoresti,4
legea nr starea de insolventa contestarea starii de insolventa,4
limitele principiului disponibilitatii aplicarea regulilor de interpretare a contractului deosebiri intre nulitate si rezolutiune,1
reprezentarea partilor in judecata procura speciala de reprezentare confera drepturile prevazute de art cod procedura civila,0
procedura insolventei insolventa rasturnarea prezumtiei de insolventa,4
procedura insolventei contestatie impotriva trecerii unei creante sau a unui drept de preferinta in tabelul definitiv de creante formulata dupa expirarea termenului de depunere a contestatiilor dispozitiile de stricta interpretare ale art alin,4
procedura insolventei contestatia la cererea de deschidere a procedurii insolventie daunele cominatorii regim juridic,4
procedura insolventei conditiile introducerii cererii de catre creditor conditia valorii prag a creantei indeplinirea conditiei la data pronuntarii hotararii de deschidere a procedurii insolventei,4
procedura insolventei creante bugetare fisa sintetica pe platitor valoare juridica,4
procedura insolventei desemnarea administratorului judiciar provizoriu conditii,4
procedura insolventei raspunderea membrilor organelor de conducere raspundere civila delictuala proba elementelor raspunderii civile delictuale,4
procedura insolventei competenta adunarii creditorilor in chestiuni de oportunitate posibilitatea desfiintarii hotararii adunarii creditorilor doar pentru chestiuni de nelegalitate legea nr art alin,4
facilitati acordate de casa de pensii a municipiului debitoarei aflata in procedura prevazuta de legea nr opozabilitatea conventiei incheiate in acest scop fata de succesoarea cu text particular avas inscrierea sumei din co,4
dreptul administratorului judiciar al debitoarei de a formula actiuni in conditiile art din legea nr consecinte,4
contradictie intre considerente si dispozitivmotiv de casare inacadrat in dispozitiile art pct din cpr civ,4
ordonanta presedintiala examinarea exclusiv a conditiei urgentei aprecierea facuta de judecatorul fondului in legatura cu cerintele vremelniciei si a neprejudecarii fondului care rezulta implicit din lege neexaminarea acestor cerinte raportat la,4
procedura insolventei formularea actiunii in raspundere prevazuta de art din legea nr legitimare procesuala activa,4
investire cu formula executorie solicitata de participantii la procesul civil care nu au calitatea de parte lipsa investirii cu aceasta formula nu constituie un impediment la executarea hotararii in materie comerciala,4
ratificare mandat netemeinicia motivului de recurs declarat impotriva incheierii judecatorului delegat la registrul comertului cu privire la lipsa imputerniciri persoanei care a semnat cererea de inregistrare in registru a unor mentiuni,4
contestatie in anulare motivul de contestatie privind greseala materiala notiunea de greseala materiala,4
contract de cesiune de creanta lipsa notificarii prevazute de articolul alin cod civil si a acceptarii cesiunii de catre debitor prin act autentic in conditiile articolului alin cod civil consecinte,4
cerere de deschidere a procedurii insolventei formulata de debitoarea societate comerciala cu raspundere limitata prin lichidator numit in conditiile legilor nr si admisibilitate prin prisma prevederilor articolului din legea,4
mentiuni efectuate in registrul comertului lipsa hotararii consiliului de administratie privind numirea administratorilor provizorii consecinte,4
cerere inregistrare mentiuni functionarea mai multor societati comerciale la acelasi sediu social conditii,4
actiunea in radierea unei inregistrari conditii existenta unei hotarari irevocabile anterioare de desfiintare sau modificare a actelor ce au stat la baza inregistrarii pagubitoare a carei radiere se cere inteles,4
procedura insolventei hotararea adunarii creditorilor controlul de legalitate exercitat de judecatorul sindic asupra acestui act,4
procedura insolventei hotararea adunarii creditorilor controlul de legalitate exercitat de judecatorul sindic asupra acestui act,4
procedura insolventei cererea de deschidere a procedurii insolventei fata de societatea comerciala aflata in lichidate conditii,4
sechestru judiciar labell de aplicare indeplinirea conditiei interesului,4
cerere de inregistrare mentiuni limitele controlului de legalitate exercitat de judecatorul delegat la oficiul registrului comertului citarea altor persoane decat petentii conditii,4
procedura insolventei efectuarea lichidarii prin licitatie publica norme speciale,4
cauza licita si morala a contractului,1
contract de locatiune incetat aplicabilitatea clauzei compromisorii in actiunea locatorului in evacuarea locatarului,1
recurs la incheierea judecatoruluidelegat la registrul comertului,4
neaplicarea prevederilor art alin din legea nr rep privind numirea unui lichidator la cererea persoanei interesate in situatia societatilor comerciale dizolvate in mod voluntar prin hotararea adunarii generale a asociatilor,4
lipsa calitatii procesuale active a unui creditor de a exercita calea de atac a recursului impotriva sentintei prin care se respinge cererea de angajare a raspunderii patrimoniale a fostilor administratori ai societatii debitoare,4
perimare cererea de repunere pe rol,4
contract de inchiriere spatiu comercial de catre persoana care il are in administrare,4
radiere sediu social al unei societati comercialeconditii legale de admisibilitate,4
societate comerciala dizolvata de dreptcerere formulata de lichidator pentru deschiderea simplificata a procedurii falimentului conditiile pe care trebuie sa le indeplineasca creanta,4
procedura insolventei cerere de deschidere a procedurii insolventei pentru o societate comerciala srl aflata in lichidare respinsaaplicarea gresita a legii trimiterea cauzei pentru deschiderea procedurii insolventei,4
procedura insolventei contestatie la tabelul preliminar de creante respinsa reaua credinta a tertului dobanditor consecinte,4
societate comerciala aflata in procedura insolventei capacitate procesuala existenta societatii comerciale contract prin care se instraineaza active incheiat cu aprobarea aga nulitatea contractului ca urmare anularii hotararii aga respingere,4
actiune in revendicare contract leasing imobiliar hotarare judecatoreasca care tine loc de contract de vanzarecumparare relativitatea efectelor hotararii judecatoresti limite,4
executarea silita inceputa impotriva fidejusorului intreruperea termenului de prescriptie extinctiva a executarii silite,4
inlocuirea administratoruluilichidatorului judiciar poate fi ceruta numai de comitetul creditorilor ori in lipsa constituirii acestuia de creditorii societatii debitoare masura putand fi dispusa si din oficiu de judecatorul sindic potrivit dispoz,4
nu sunt indeplinite conditiile reglementate prin dispozitiile art cod civil si nu poate fi admisa exceptia puterii lucrului judecat in baza prevederilor art cprciv arunci cand prima actiune a avut drept temei juridic raspunderea contract,4
cauza licita si morala a contractului,1
rasturnarea prezumtiei de insolventa,4
contestatie la tabelul definitiv al creantelor imposibilitatea calificarii acesteia de catre judecatorulsindic drept contestatie la tabelul preliminar al creantelor consecinte,4
actiune in obligarea detentorului precar la a permite accesul pentru efectuarea masuratorilor cadastrale in vederea intocmirii documentatiei pentru obtinerea certificatului de atestare a dreptului de proprietate obligatie propter rem,4
act administrativ ordin emis de catre autoritatea nationala pentru restituirea proprietatilor termen de contestare sarcina probei in situatia invocarii exceptiei de tardivitate a formularii contestatiei,0
achizitii publice anulare decizie consiliul national de solutionare a contestatiilor,0
act administrativ fiscal emis de un organ de specialitate a unei autoritati publice centrale prin care sa dispus suspendarea solutionarii contestatiei pe cale administrativa privind obligatii accesorii ale impozitului pe venituri din salarii intr,0
act administrativ necesitatea organului administrativ emitent al actelor administrative fiscale care au stat la baza actului administrativ contestat incalcarea dreptului la aparare al contestatoarei,0
contract de inchiriere locuinta incheiat pe durata contractului de munca vanzarea imobilului unei alte societati incetarea contractului prin vointa locatoruluicod civil art alin,1
act administrativ fiscal momentul in care tva devine exigibila in cazul transporturilor de marfuri destinate exportului exercitarea dreptului de deducere a tva conditii,0
contract de inchiriereprelungirea de drept a contractului in temeiul art alin din oug nroug nr art art alin art alin art alinoug nrlegea nr art alin art,1
onorariu de succes stabilit prin incheiere de sedinta nerecurata de parti consecinte,4
recurs cazuri de casare eroarea grava de fapt inteles,3
cheltuieli de judecata debitorul unei obligatii care nu este lichida si platibila in bani lipsa punerii in intarziere consecinte,4
recunoastere hotarare arbitrala straina,1
obligatia de a face cerere de obligare a paratei sa emita o factura noua fara corectarea sau stornarea facturilor vechi neconcordanta acestui document nou cu evidenta contabila a societatii parate consecintes,4
competenta ratione materiae determinarea acesteia dupa valoarea obiectului pricinii punctul de referinta valoarea debitului principal,4
procedura insolventei cerere de deschidere a procedurii intemeiata pe bilete la ordin invocarea de catre debitoare pe calea contestatiei prevazute de articolul alin din legea nr a unor aparari privitoare la lipsa mandatului semnatar,4
actiune in nulitate absoluta a contractului de vanzare cumparare de active introdusa de un tert ce a devenit actionarul societatii vanzatoare legitimare procesuala activa lipsa interesului legitim consecinte,4
actiune in constatarea nulitatii absolute a executarii silite a unei hotarari aga inaplicabilitatea dispozitiilor legale relative la executarea silita prevazuta de codul de procedura civila natura juridica a operatiunilor de punere in executare,4
actiune in constatarea nulitatii absolute a executarii silite a unei hotarari aga inaplicabilitatea dispozitiilor legale relative la executarea silita prevazuta de codul de procedura civila natura juridica a operatiunilor de punere in executare,4
recurs impotriva incheierii judecatorului delegat la orctb,4
recursul cazuri in care se poate face recurs obligatia de a motiva solutia,3
contract de asociere incheiat cu o autoritate publica avand ca obiect administrare piata agroalimentara cu obligatia executarii de lucrari privind amenajarea neexecutarea lucrarilor conform obligatiilor contractuale cerere formulata in te,1
reprezentarea in instanta a societatilor comerciale intrate in procedura insolventeiinsusirea demersurilor juridice ale societatii de catre administratorullichidatorul judiciarexceptia lipsei calitatii de reprezentant,4
procedura in declararea nulitatii fuziunii sau divizarii societatilor comerciale,4
procedura insolventeicontestatii cu privire la creantele si drepturile de preferinta trecute de administratorul judiciarlichidator in tabelul preliminar de creante in conditiile art din legea nrinterpretarea gresita a tezei finale,4
insolventamotivul inexistentei sediului debitoarei sau al necorespunderii acestuia cu datele din registrul comertului inteles,4
restituirea cauzei la parchet cercetare penala efectuata de un organ necompetent exceptie invocata pentru prima data in fata instantei de apel consecinte,3
apel solutii trimiterea cauzei spre rejudecare nesolutionarea fondului cauzei privarea partii de un grad de jurisdictie,3
apel solutii trimiterea cauzei spre rejudecare nesolutionarea fondului cauzei privarea partii de un grad de jurisdictie,3
insolventa inchidere procedura in cazul respingerii cererii de deschidere a procedurii insolventei ca efect al admiterii recursului debitoarei efectul substantial al hotararii pronuntate in procedura somatiei de plata asupra procedurii insolve,4
decizie de sanctionare disciplinara stabilirea supraconsumului de motorina,4
actul aditional privind formarea profesionala este nul daca este incheiat pe o perioada mai mare decat cea de ani prevazuta de lege,0
legea nr intelesul termenului de imobil in legatura cu care sa formulat notificarea,3
recurs formulat impotriva incheierii judecatorului delegat la oficiul registrului comertului prin care sa mentionat schimbarea sediului social exceptia lipsei de interes a recursului formulat de o societate care are calitatea de tert fata de socie,4
egea nr privind procedura insolventei cererea de autorizare a comitetului creditorilor de atragere a raspunderii intemeiate pe dispozart din lege,4
legea nr privind procedura insolventei actiunea comitetului creditorilor de atragere a raspunderii intemeiate pe dispozart din lege recurs formulat in nume propriu de reprezentantul comitetului creditorilor exceptia lipsei calitatii p,4
procedura insolventei cererea de angajare a raspunderii administratorilor pentru acoperirea diferentei de pasiv raspundere civila delictuala conditii,4
act administrativ fiscal chitanta de plata a taxei de prima inmatriculare anulare nelegalitate,0
legea nr privind procedura insolventei cererea de autorizare a comitetului creditorilor de atragere a raspunderii intemeiate pe dispozart din lege,4
judecata nu poate avea loc decat in prezenta inculpatului cand acesta se afla in stare de detinereaducerea inculpatului arestat la judecata este obligatorie,3
emiterea adeverintei de stagiu starea de insolventa a ultimului angajator,2
achizitii publice oferta declarata neconforma cerere de completare si precizare a plangerii initiale prin care sa solicitat anularea deciziei consiliului national de solutionare a contestatiilor inadmisibilitate,1
act de sesizare a instantei formulat de curtea de conturi in temeiul dispozitiilor legii nr respins ca inadmisibil netemeinicie,0
act administrativ fiscal emis de un organ necompetent analizarea legalitatii inainte ca acesta sa fi fost analizat in cadrul contestatiei administrativ obligatorii,0
caile de atac ordinareapeluljudecarea apelului,3
necompetenta functionala a unei sectii inadmisibilitatea recursului,3
nulitate absoluta contract de renta viagera pentru error in negotium,1
art cod procedura penala criterii de apreciere a prejudiciului moral caracterul nelegal al privarii de libertate nu se raporteaza numai la dispozitiile art si teza i cod procedura penala ci si in cazul terminarii procesului penal pri,3
nulitatea contractului de donatie pentru lipsa intentiei de a gratifica cauza,1
criterii de apreciere cu privire la cuantumul despagubirilor morale acordate potrivit art cod procedura penala pentru arestarea nelegala ca urmare a revocarii decretului de gratiere,3
faliment radierea din registrul comertului a societatii comerciale aflate in procedura insolventei,2
contestatia la creantele inscriseneinscrise in tabelul preliminar al creantelor debitorului aflat in procedura insolventei,2
proces verbal de adjudecare nulitate cerere de interventie principala si accesorie nulitatea actului prin care a fost desemnat lichidatorul societatii de catre administrator,2
lichidare inchiderea procedurii pentru lipsa bunurilor in patrimoniul societatii debitoare obligatiile lichidatorului judiciar lipsa vreunei cererii de atragere a raspunderii membrilor de conducere consecinte,2
caracterul special colectiv al procedurii insolventei impune obligativitatea pronuntarii judecatorului sindic asupra tuturor cererilor cu care a fost investit cereri privind deschiderea procedurii impotriva unui debitor,2
apel contract de reasigurare maritima internationala competenta jurisdictionala a instantelor romane,1
contestatie in anulare procedura insolventei probatoriul necesar pentru deschiderea procedurii insolventei in calea de atac,2
plangerea prevazuta de art c pr pen obiect neintrunirea elementelor constitutive ale unei infractiuni,3
preluarea motivarii instantei de fond nepronuntarea asupra motivelor de apel casare cu trimitere spre rejudecare,3
recurs gestiune colectiva a drepturilor de autor autorizatia licenta neexclusiva natura juridica a actului exceptie de nelegalitate intemeiata pe legea nr admisibilitate invocarea direct in recurs a nulitatii unui act juridic,0
deschiderea procedurii de insolventa starea de insolventa probe,2
deschiderea procedurii insolventei creanta certa refuz de plata,2
latura civila actiune civila privind despagubiri pentru care exista deja text executoriu inadmisibilitate,3
procedura insolventei dreptul creditorului majoritar detinator a cel putin din valoarea creantelor sa hotarasca unilateral desemnarea administratoruluilichidatorului judiciar,2
procedura insolventei calitate procesuala activa in recursul declarat impotriva cererilor formulate in temeiul art din legea nr cereri respinse de catre judecatorul sindic,2
pentru imobilele preluate cu text valabil si evidentiate in patrimoniul unei societati comerciale privatizate notificarea se adreseaza institutiei publice ce a facut privatizarea,4
recurs inadmisibil aplicarea dispozitiilor art indice cod procedura civila raportat la valoarea litigiului dedus judecatii,3
masurile preventive prelungirea duratei arestarii preventive in cursul urmaririi penale,3
masurile preventive prelungirea duratei arestarii preventive in cursul urmaririi penale,3
caile de atac ordinarerecursulcazurile in care se poate face recurs,3
plangere impotriva solutiilor date de procuror solutionare fara atasarea dosarului de urmarire penala trimiterea cauzei spre rejudecare,3
cerere de ridicare a sechestrului asigurator formulata in cursul judecatii contestarea modului de calcul a prejudiciului si achitarea partiala a acestuia consecinte examinarea legalitatii si temeiniciei modului de calcul a prejudici,3
plangere impotriva solutiilor date de procuror persoanele care pot formula plangerea in cazul in care persoana care a formulat plangerea impotriva solutiei data de procuror nu este persoana vatamata prin infractiune si nici nu just,3
liberare provizorie necesitatea examinarii exprese a conditiei prev de art alin c pr pen si indicarii concrete a datelor ce justifica respingerea cererii criteriile de evaluare a temeiniciei cererii de liberare provizorie,3
calitate de reprezentant procura emisa in fata unui notar dintrun stat strain cerinta formala a apostilei exceptie incetarea efectelor unei conventii internationale,3
i procedura insolventei formulare contestatie de catre debitoare si depunere de inscrisuri cu set pentru comunicare creditoarei necomunicarea contestatiei si inscrisurilor creditoarei neexercitarea rolului activ de catre judecatorul sindic,4
procedura insolventei raspunderea patrimoniala a organelor de conducere reglementata de prevederile art din legea nr locul citarii fostilor administratori statutari,4
legea nr privind procedura insolventei cererea de atragere a raspunderii intemeiate pe dispozart din lege formulata de lichidatorul judiciar recurs formulat de catre un creditor exceptia lipsei calitatii procesuale active a recurent,4
legea nr privind procedura insolventei contestatie formulata impotriva respingerii cererii de inscriere a actualizarii declaratiei de creanta tardivitatea formularii contestatiei creditorului intemeiata pe dispozitiile art din lege,4
procedura insolventei vanzare bunuri din averea debitorului conform legii nr incidenta dispozitiilor art alin din legea nr,4
cerere de radiere art din legea nr termen de recurs art alin din legea nr,4
procedura insolventei renuntare la declaratia de creanta formulata ulterior deschiderii procedurii,4
procedura insolventei contestarea caracterului cert al creantei creditoarei art din legea nr,4
conflict de munca avand ca obiect contestatie impotriva unei decizii de sanctionare disciplinara nelegalitatea unei astfel de decizii decurgand din neindeplinirea cerintelor obligatorii impuse de art alin din codul muncii constatarea nulita,3
drept procesual civil implinirea termenului prescriptiei extinctive anterior datei sesizarii instantie de judecata,3
dreptul functiei publice raport de evaluare a functionarului public intocmit cu nerespectarea dispozitiilor art din hotararea de guvern nr,3
contract de concesiune nelegalitatea obligarii unei autoritati publice la incheierea unui contract de concesiune in raport de dispozitiile art din normele metodologice de aplicare a ordonantei de urgenta a guvernului nr aprobate,1
procedura prealabila necesitatea plangerii acesteia in cazul contractelor de delegare a gestiunii serviciului de salubrizare a localitatilor,3
contradictie intre considerente si dispozitiv,3
societati comerciale cerere pentru numirea unui lichidator formulata anterior expirarii termenului de luni prevazut de art alin din legea nr rep si modificata,4
societati comerciale cerere pentru constatarea nulitatii absolute a hotararii agea stabilirea unui termen de de zile in actul constitutiv al societatii pentru exercitarea dreptului de preferinta,4
procedura insolventei calitate procesuala activa in cazul existentei numai a doi creditori si a neconstituirii comitetului creditorilor atragerea raspunderii patrimoniale a unor persoane fizice necesitatea dovedirii faptului ca acestea au cauzat s,4
contract de cont drepturi si obligatii reciproce drepturi ale consumatorilor efectivitatea dreptului de a fi informat asupra operatiunilor efectuate in cont,1
procedura insolventei actiune in anulare transferuri frauduloase formulata de lichidator sub imperiul legii nr act de procedura indeplinit inainte de intrarea in vigoare a legii noi supravietuirea legii vechi,4
procedura insolventei citare doar a persoanelor interesate,4
natura juridica comerciala a contractul subsecvent contractului principal de achizitie publica caracter comercial sau de contencios administrativ,1
procedura insolventei raspunderea reglementata de art din legea nr dovada,4
clauza penala aplicabilitate conditii,1
imbogatire fara justa cauza actio de in rem verso neindeplinire conditii caracterul voluntar si licit al platii,1
oferta reala urmata de consemnatiune nulitate procedura necesitatea unei vatamari,3
societate comerciala contract de vanzarecumparare incheiat de societate consimtamant valabil exprimat nemijlocit iar nu prin mandatar lipsa necesitatii unei procuri autentice pentru reprezentantul legal al societatii,4
autoritate de lucru judecat efecte tranzactie interpretare potrivit intentiei comune a partilor,4
incetare contract prin acordul partilor mutuus dissensus,1
legea nr recurs admis tardivitatea depunerii contestatiei la raportul asupra fondurilor obtinute din lichidare si din incasarea de creante si la planul de distribuire,4
recurs exceptia lipsei calitatii de reprezentant,3
masurile preventive si alte masuri procesuale obligarea de a nu parasi tara,3
masurile preventive si alte masuri procesuale inlocuirea sau revocarea masurilor preventive obligarea de a nu parasi tara,3
competenta de solutionare a actiunii in constatarea nulitatii contractelor de privatizare apartine sectiei civile a tribunalului nu sectiei comerciale deoarece nu se pune in discutie comercialitatea actului sau natura comerciala a contractelor de,1
termenul de contestare a procedurii de atribuire a unui contract de achizitie,1
momentul de la care incepe sa curga termenul de emitere a unei dispozitii de imputare,3
procedura de solutionare a contestatiei in fata consiliului national de solutionare a contestatiilor,3
taxa pentru serviciul public de radiodifuziune hotarare irevocabila a instantei de contencios administrativ prin care sa anulat un act administrativ cu caracter normativ,0
contestatie prevazuta de art alin cod procedura fiscala,3
competenta instantei de contencios administrative de a se pronunta asupra legalitatii actelor si operatiunilor administrative care stau la baza emiterii unui act administrativ,0
suspendare de drept prevazuta de art din legea nr recurs respins,3
legea nr atragerea raspunderii patrimoniale recurs respins,3
legea nr cerere de deschidere a procedurii insolventei respinsa recurs respins,3
legea nr inadmisibilitatea cererii de atragere a raspunderii patrimoniale recurs respins,3
anularea cererii de chemare in judecata recurs respins,3
retragere asociat din societatea cu raspundere limitata,4
opozitia impotriva hotararilor adunarii generale ale societatii comerciale,4
procedura insolventei lipsa calitatii procesuale active in cazul recurentului care nu a fost parte in judecata la prima instanta a cererii de atragere a raspunderii patrimoniale a membrilor organelor de conducere pentru pasivul debitorului,4
procedura insolventei conditiile prevazute de legea speciala pentru atragerea raspunderii patrimoniale a membrilor organelor de conducere pentru pasivul debitorului,4
numirea lichidatorului cerinta justificarii interesului de catre titularul cererii formulate in acest scop,4
actiunea in anularea hotararii arbitrale obiectul judecatii,4
procedura insolventei inexistenta creantei in cazul in care potrivit ordinului intern creditorul avea indatorirea de a nu mai calcula accesoriile debitului principal,4
lege nr din iunie privind cooperarea judiciara internationala in materie penalaprocedura de executare a mandatului european de arestare,3
legea nr modificata prin legea nr privind cooperarea judiciara internationala in materie penala punerea in executare a mandatului european de arestare,3
recurs amanarea executarii pedepsei inchisorii sau a detentiunii pe viata,3
recurs incidenta cazului de casare prevazut de art pct din cpp omisiunea instantei de se pronunta cu privire la toate motivele de apel invocate trimiterea cauzei pentru rejudecarea apelului,3
cazurile in care se poate face recurs incidenta cazului de casare prevde art alin pct din codul de procedura penala,3
prorogarea legala de competenta in situatia incalcarii normelor de competenta absoluta,4
interpretarea dispozitiilor art liti din codul de procedura civila cu privire la incalcarea dispozitiilor imperative ale legii,3
contract de privatizare neindeplinirea obligatiei de majorare a capitalului social cu valoarea terenurilor pentru care sa emis certificat de atestare a drepturilor de proprietate,4
conditiile antrenarii raspunderii speciale intemeiate pe dispozitiile art lit c si d din legea nr privind procedura insolventei,4
dreptul la recurs prezinta o exclusiva componenta procesuala,3
casarea cu trimitere a hotararii datorata nesolutionarii cauzei in fond proces echitabil,4
legea nr din iunie privind cooperarea judiciara internationala in materie penala procedura de executare a mandatului european de arestare,3
recurs cerere de intrerupere a executarii pedepsei,3
recurs pronuntarea pe fond a unei noi solutii de condamnare avand in vedere incidenta cazurilor de casare prevazute de art alin pct si pct din codul de procedura penala,3
recurs inadmisibilitatea recursului inculpatului pe latura penala intrucat prin epuizarea cailor ordinare de atac hotararea de condamnare a ramas definitiva,3
recurs inadmisibilitatea recursului inculpatului pe latura penala intrucat prin epuizarea cailor ordinare de atac hotararea de condamnare a ramas definitiva,3
inexistenta unei dispozitii legale care sa impuna obligarea paratei la incheierea unui contract de concesiune pentru terenul aferent unui apartament dobandit de parata,1
exequator stabilirea legii aplicabile in raport de data pronuntarii hotararii a caror recunoastere se solicita,3
recurs incidenta dispart pct din codul de procedura penala,3
declinarea competentei in raport de dispozitiile artxxiv din legea nr,3
recurs inlocuirea masurii arestarii preventive cu masura obligarii de a nu parasi localitatea in baza art cod procedura penala,3
infractiuni prevazute de legi speciale legea nr,3
cazurile in care se poate face recurs incidenta cazului de casare prevde art alin pct din codul de procedura penala,3
actiune in evacuarea chiriasilor aflati in ipoteza reglementata de art din oug nr prevalenta jurisprudentei instantei europene in materie,1
art cp modalitatea de sesizare a instantei anterior intrarii in vigoare a legii,3
admiterea plingerii si trimiterea cauzei la primprocuror pentru motivare inadmisibilitatea acestei solutii fata de dispozitiile art ind al cpp,3
procedura insolventei raspunderea administratorului social,2
procedura insolventei,2
anulare act administrativ emis de autoritate publica locala,0
procedura insolventei srl,2
anulare hotarare aga,4
efectele termenului de de zile prevazut la art alin din legea,1
amanare hotarare aga,4
gresita conexare a cauza si gresita dobandire a calitatii de inculpat ca urmare a admiterii plangerii art al lit a c p p casare cu trimitere pentru respectarea art c p p,3
contestatie impotriva dispozitiei primarului prin care sa respins restituirea in natura a imobilului in baza legii,0
faliment,2
acte ale autoritatilor publice,0
acte ale autoritatilor publice,0
contract de leasing,1
societati comerciale,4
acte ale autoritatilor publice,0
deschidere procedura insolventa,2
deschiderea procedurii insolventei,2
contract de vanzarecumparare,1
nulitate absoluta a obiectului de activitate a societatii comerciale,4
despagubiri contractuale,1
obligare incheiere contract in forma autentica,1
constatare a nulitatii absolute a clauzei privind onorariul de succes din contractul de asistenta juridica,1
instrainarea si dobandirea terenurilor prin acte juridice intre vii doar prin incheierea ad validitatem a actului in forma autentica,1
procedura insolventa,4
cerere cu valoare redusa cerere de restituire a unui imprumut formulata inainte de termenul scadent,1
comtencios administrativ si fiscal,0
contencios administrativ si fiscal,0
procedura insolventei,4
anulare act emis de autoritati publice locale,0
faliment,2
litigiu cu profesionisti,4
litigiu privind functionarii publici,0
litigiu contencios administrativ si fiscal,0
anulare partiala dispozitie emisa de viceprimar si obligarea acestuia la,0
litigiu cu profesionisti,4
litigiu cu profesionisti,4
schimbarea incadrarii juridice in apel obligatia instantei de a pronunta o pedeapsa in baza noii incadrari juridice,3
dezbaterea cauzei in fond cerere de schimbare a incadrarii juridice formulata prin notele de concluzii scrise dar nesustinute oral obligatia instantei de a pune cererea in discutia partilor,3
repunere in termen art c pr pen conditii,3
act administrativ nelegal incalcarea transparentei decizionale in administratia publica,0
reprezentarea statului in procesele privind imobilele aflate in labell privat al unitatilor administrativ teritoriale,3
drept procesual civil nemotivare hotarare consecinte,3
declarare recurs calitate procesuala activa,3
recurs obiectul cererii de recurscritici aduse exclusiv hotararii primei instante efecte,3
contract comercial actiune in constatarea nulitatii absolute competenta materiala nelegalitate,2
reorganizare judiciara si faliment declaratie de creanta conditii de admisibilitate aplicarea gresita a legii,2
reorganizare judiciara si faliment dizolvare de drept potrivit legii nr lichidare aplicarea gresita a legii,2
exceptia de nelegalitate prevazuta de art alin din legea nr aplicabilitate,0
act administrativ nelegal incalcarea transparentei decizionale in administratia publica,0
rejudecarea cauzei dupa desfiintarea sentintei in apel limitele rejudecarii obligatia instantei de rejudecare,3
recursul declarat de parchet omisso medio inadmisibilitate,3
contracte speciale contract de vanzarecumparare cu clauza de intretinere transformarea executarii in natura a contractului in plata unor sume de bani posibilitate,1
judecata reorganizare judiciara si faliment reprezentarea debitorului in cadrul procedurii dispozitii aplicabile consecinte,3
societate comerciala dizolvare pentru nepreschimbarea certificatului de inmatriculare si certificatului fiscal cu noul certificat de inregistrare continand codul unic de inregistrare faliment dispozitii aplicabile,2
reorganizare judiciara si faliment angajarea raspunderii administratorilor ulterior inchiderii procedurii,2
cerere pentru obligarea unui consiliu local de a emite hotarare conform og nr inadmisibilitate,0
indreptarea erorii materiale conditii de aplicabilitate ipoteza,3
reorganizare judiciara si faliment angajarea raspunderii administratorilor ulterior incheierii procedurii inadmisibilitate,2
neprezentarea materialului de urmarire penala ori de cate ori sunt administrate probe noi consecinte,3
incalcarea principiilor obligatorii privind derularea cercetarii judecatoresti de catre instanta de fond consecinte,3
cerere de schimbare a incadrarii juridice respingerea cererii inainte de solutionarea cauzei in fond antepronuntare,3
apel soutie de admitere agravarea situatiei in propria cale de atac,3
contract de vanzarecumparare plata pretului dovada,1
legitimare procesuala activa neindicarea numelui reclamantului consecinte,3
recurs impotriva incheierii prin care cauza a fost transpusa la completul specializat in judecarea litigiilor de dreptul muncii inadmisibilitate,3
recurs motivul prevazut de art pct c pr civ judecator incompatibil in apel,3
dizolvare societate comerciala pentru nepreschimbarea certificatului de inamatriculare si certificatului fiscal cu noul certificat de inregistrare continand codul unic de inregistrare numirea lichidatorului pentru derularea procedurii de lichidare,4
recurs comercial termen de exercitare dispozitii speciale in materia radierii societatilor comerciale,3
reorganizare judiciara si faliment antrenarea raspunderii administratorului conditii,2
reorganizare judiciara si faliment inchiderea procedurii in temeiul art din legea nr republicata conditii cerinte pentru angajarea raspunderii administratorilor utilizarea fondului de lichidare,2
reorganizare judiciara si faliment actiune pentru anularea transferului patrimonial conditii pretul ca obiect al obligatiei cumparatorului trasaturi,2
plan urbanistic zonal refuz de eliberare a certificatului de urbanism drept de proprietate incalcat,0
cerere de schimbare a incadrarii juridice solutionarea cererii inainte de solutionarea cauzei in fond antepronuntare,3
recurs motive de recurs omisiunea instantei de apel de a se pronunta asupra unor cereri esentiale pentru parti de natura sa garanteze drepturile lor si sa influenteze solutia procesului,3
intreruperea executarii pedepsei data de la care hotararea judecatoreasca produce efecte juridice,3
imobil care nu intra sub incidenta legii nr vandut chiriasilor nulitatea absoluta a contractului de vanzarecumparare,1
desfiintarea hotararilor primei instante cu trimitere spre rejudecare interpretarea dispozitiilor art alin c pr civ,3
drept procesual civil hotarare irevocabila efecte cerere noua in sensul art alin c pr civ,3
reorganizare judiciara si faliment inchiderea procedurii ipoteza conditii,4
reorganizare judiciara si faliment antrenarea raspunderii membrilor organelor de conducere ale debitorului falit inaplicabilitatea dispozitiilor art alin din legea nr,4
reorganizare judiciara si faliment actiune pentru anularea transferului patrimonial conditii aplicarea gresita a legii,4
reorganizare judiciara si faliment creante preluate la datoria publica dispozitii aplicabile,2
reorganizare judiciara inchiderea procedurii in temeiul art din legea nr republicata conditii,2
reorganizare judiciara si faliment antrenarea raspunderii administratorului cerinte legale ipoteza,2
judecata aplicarea legii civile in timp principii fundamentale aplicarea gresita a legii,2
drept procesual penal urmarie penala nulitati,3
functionar public sanctiune disciplinara nelegalitate,0
actiune care priveste un drept real imobiliar cale de atac,3
refuzul autoritatii publice de a comunica in scris informatii de interes public lipsa vatamarii,0
drept procesual penal recurs admisibilitate nulitatea incheierii recurate,3
societate comerciala aflata in lichidare potrivit legii nr republicata cu modificarile ulterioare radiere din registrul comertului legalitatea masurii,4
procedura prealabila caracter obligatoriu,0
informatii de interes public in sensul legii nr comunicarea informatiilor in format electronic,0
drept procesual penal trimiterea in judecata actul de sesizare a instantei rechizitoriul natura juridica a cerintei verificarii rechizitoriului sub aspectul legalitatii si temeiniciei de catre procurorul ierarhic superior restituirea cauzei la p,3
drept procesual civil judecata infatisari si dezbateri transmiterea conventionala a calitatii procesuale pasive in timpul procesului neintroducerea in cauza a dobanditorului imobilului consecinte,3
procedura insolventei contestatie la tabelul preliminar de creante creanta bancara garantata partial consecinte cerere de diminuare a retributiei practicianului,2
procedura insolventei inchiderea procedurii pentru lipsa de resurse cerere de atragere a raspunderii membrilor organelor de conducere conditii,2
procedura insolventei cerere de atragere a raspunderii membrilor organelor de conducere lipsa minutei hotararii judecatoruluisindic consecinte,2
necercetarea fondului litigiului lipsa rol activ casare cu trimitere spre rejudecare,3
contractul de depozit actiunile pe care le poate intenta deponentul,1
repunere in termenul de decadere a caii de atac conditii,3
certificat de vacanta succesorala cerere in nulitate absoluta conditia interesului,3
procedura insolventei contestatie la raportul lichidatorului judiciar propunere de vanzare in bloc a unor bunuri care nu sunt proprietatea debitoarei consecinte,2
procedura insolventei contestatie la tabelul de creante creanta bugetara,2
procedura insolventei contestatie la planul de distribuire intre creditori onorariu aprobat de adunarea creditorilor consecinte,2
procedura insolventei deschiderea procedurii conditii,2
deschiderea procedurii insolventei creanta cesionata de cnas catre avas dar nenotificata debitoarei consecinte,2
procedura insolventei contestatie la tabelul de creante creanta cu mai multi debitori in insolventa consecinte,2
procedura insolventei antrenarea raspunderii administratorului si a asociatilor cerinte legale,2
litigiu comercial motive de casare a hotararii judecatoruluisindic consecinte,3
hotarare judecatoreasca pronuntata in materie comerciala caracter executoriu consecinte,3
apelul cereri esentiale obligatiile instantei de apel,3
recurs casare cu trimitere spre rejudecare obligatia instantei de trimitere,3
procedura insolventei contestatie la tabelul de creante nedepunerea cererii de admitere a creantei in termenul stabilit de judecatorulsindic consecinte,2
anularea actelor frauduloase incheiate de debitor in dauna creditorilor contract de vanzarecumparare conditii,2
cererea de antrenare a raspunderii organelor de conducere legitimare procesuala activa,2
procedura insolventei executarea hotararii de atragere a raspunderii organelor de conducere in cazul in care la masa credala sunt inscrise si creante bugetare,2
acte normative nepublicate in monitorul oficial inexistenta reglementarii,0
drept penal partea generala aplicarea legii penale in timp lege penala mai favorabila,3
transmiterea conventionala a calitatii procesuale pe parcursul litigiului neintroducerea in cauza a dobanditorului imobilului a carui ridicare se solicita consecinte,3
anulare contract de inchiriere exercitarea caii de atac interes,3
societate comerciala dizolvata potrivit legii nr republicata cu modificarile ulterioare radiere din registrul comertului legalitatea masurii,4
contract de arenda nulitate instanta competenta,1
procedura insolventei suspendarea administrarii unui dosar de faliment inadmisibilitate,2
procedura insolventei deschiderea procedurii conventie de reesalonare a datoriei consecinte,2
procedura insolventei acte de executare silita individuala realizate ulterior deschiderii procedurii consecinte,2
anularea actelor frauduloase incheiate de debitor in dauna creditorilor antrecontract de vanzarecumparare inadmisibilitate,2
novatia conditiile realizarii ei,1
recurs impotriva incheierii prin care sa respins cererea de recuzare promovat inainte de solutionarea cauzei in fond prematuritate,3
desfiintarea hotararii cu trimiterea spre rejudecare conditii incalcarea principiului disponibilitatii,3
cerere de sesizare a curtii constitutionale cu exceptia de neconstitutionalitate inadmisibilitate lipsa incheierii consecinte,3
cerere de inscriere mentiuni in registrul comertului societate comerciala avand ca obiect activitati de consultanta juridica legalitatea masurii,4
cerere de radiere sediu social conditii modificarea actiunii in calea de atac recurs declarat de un tert inadmisibilitate,4
constatare nulitate absoluta contract de inchiriere cauza ilicita dovada,1
cerere de inscriere mentiuni in registrul comertului suspendarea procedurii conditii,4
cerere de inscriere mentiuni in registrul comertului indreptarea erorii materiale conditii,4
deschiderea procedurii insolventei la cererea creditorilor conditii data la care se analizeaza existenta acestora,2
procedura insolventei deschidere la cererea creditorilor conditii,2
drept procesual penal partea generala masuri preventive,3
renuntarea la judecata cererii de chemare in judecata retragerea caii de atac distinctie,3
hotarare judecatoreasca aratarea motivelor care au format convingerea instantei pe calea indreptarii de eroare materiala admisibilitate,3
principiul unitatii folosirii unei cai de atac inadmisibilitatea recursului impotriva unei hotarari irevocabile date in recurs,3
obligatii comerciale efectul conventiilor forta obligatorie a contractului dovada,1
deschiderea procedurii insolventei la cererea creditorilor blocaj financiar irelevanta,2
deschiderea procedurii insolventei la cererea creditorilor creanta in litigiu consecinte,2
procedura insolventei cererea creditorului unic pentru autorizarea introducerii actiunii in raspundere contestatie la tabelul de creante cerere noua in recurs consecinte,2
procedura insolventei inchidere ca urmare a lichidarii tuturor bunurilor contestatie la tabelul de creante,2
procedura insolventei antrenarea raspunderii fostului administrator social cerinte legale,2
procedura insolventei cerere de antrenare a raspunderii administratorilor rolul activ al judecatoruluisindic limite,2
procedura insolventei convocarea adunarii creditorilor conditii nedezvoltarea motivelor de recurs consecinte,2
procedura insolventei desemnarea administratoruluilichidatorului judiciar provizoriu conditii,2
hotarare arbitrala investire cu formula executorie conditii,3
somatie de plata cerere in anulare instanta competenta,4
somatie de plata pretentii comerciale instanta competenta,3
apel cerere de desfiintare cu trimitere spre rejudecare la prima instanta solutie de schimbare a sentintei in sensul respingerii cererii de chemare in judecata legalitate,3
calificarea caii de atac in functie de valoarea imobilului criterii,3
lipsa incheierii de amanare a pronuntarii nulitatea hotararii,3
recurs impotriva incheierii prin care sa recalificat calea de atac inadmisibilitatea promovarii lui pe cale separata in nu odata cu fondul,3
adunarea generala a asociatilor neconvocarea de catre administratori consecinte cererea asociatului de autorizare a convocarii adunarii generale,4
hotararea adunarii generale a asociatilor conditii de convocare excluderea unui asociat consecinte,4
societate comerciala dizolvata pentru nedepunerea situatiilor financiare anuale existenta unor datorii irelevanta,4
refuz de eliberare a certificatului fiscal lipsa dreptului vatamat,0
cerere in obligatie de a face si evacuare calea de atac impotriva sentintei recurs la recurs admisibilitate,3
adunarea generala a actionarilor modificarea actului constitutiv nerespectarea obligatiei de informare a actionarilor consecinte,4
litigiu comercial evaluabil in bani conciliere directa prealabila conditii,4
cerere de recurs perimare cerere de repunere pe rol anulata ca netimbrata consecinte,3
renuntare la judecata renuntare la drept deosebiri consecinte,3
procedura insolventei inchidere inainte de executarea hotararii de antrenare a raspunderii patrimoniale a administratorului social admisibilitate,2
societate comerciala pe actiuni tranzactie judiciara incheiata cu o alta societate in care presedintele consiliului de administratie detine functia de administrator conditii,4
procedura insolventei inchidere ca urmare a lichidarii bunurilor falitei neconvocarea adunarii creditorilor si necomunicarea raportului final consecinte,2
procedura insolventei conditiile pentru deschidere incalcarea principiului disponibilitatii consecinte,2
radierea unei societati comerciale din registrul comertului dizolvare fara lichidare conditii,4
dosar inregistrat la sectia civila a tribunalului scoatere de pe rol si trimitere la sectia comerciala cale de atac,3
procedura insolventei contestatie la tabelul de creante creditor care nu se regaseste pe lista creditorilor anexata de debitor cererii de deschidere a procedurii de insolventa consecinte,2
procedura insolventei contestatie la tabelul de creante existenta unei hotarari judecatoresti irevocabile anterioare consecinte cerere de acoperire de catre practician a prejudiciului cauzat creditorilor,1
revizuire promovata de o terta persoana inadmisibilitate,2
actiune intemeiata pe prevederile art din legea nr calitate procesuala pasiva,3
lamurire de dispozitiv cerere nefondata,3
hotarare de intrare in faliment conditii pentru suspendarea executarii,2
hotarare judecatoreasca cale de atac indreptata impotriva considerentelor inadmisibilitate,3
procedura insolventei conditii pentru angajarea raspunderii organelor de conducere,4
sechestru judiciar conditii pentru instituire,4
actiune in contencios administrativ lipsa unui drept vatamat in sensul art alin din legea nr,0
hotarare judecatoreasca definitiva in apel neevocare fond revizuire admisibilitate,3
recurs impotriva incheierii prin care sa dispus transpunerea cauzei de la un complet de judecata la altul inadmisibilitate,3
suspendarea judecatii in baza art indice c proc civ conditii,3
incidenta dispozitiilor art c civ nu este exclusa daca intro cerere in realizare se invoca autoritatea de lucru judecat rezultata dintro hotarare data asupra unei cereri in constatare,3
societate comerciala adunarea generala a asociatilor nerespectarea obligatiei de informare consecinte,4
procedura insolventei conditiile formularii actiunii in raspundere existenta unor bunuri in averea debitoarei consecinte,2
anularea actelor frauduloase incheiate de debitor in dauna creditorilor hotarare a adunarii generale a asociatilor inadmisibilitate,4
act administrativ nemotivat existenta dreptului vatamat,0
cadru procesual obligatia institutiei de a pune in discutie formarea acestuia,3
inscriere de mentiuni in registrul comertului adresa de infiintare a popririi conditii,4
litigiu comercial procedura concilierii directe neparcurgere consecinte,4
procedura insolventei contestatie la tabelul de creante creanta nescadenta consecinte,2
procedura insolventei contestatie la tabelul de creante creditor care nu se regaseste pe lista intocmita de debitor consecinte,2
label public teren aferent unei case nationalizate inaplicabilitatea prevederilor art art alin si art din legea nr,0
procedura prealabila fine de neprimire a actiunii in contencios administrativ,0
deschiderea procedurii insolventei la cererea creditorilor creanta constata printro hotarare judecatoreasca irevocabila autoritate de lucru judecat consecinte,3
procedura insolventei termenul de contestare a tabelului preliminar de creante creditor nenotificat de practician cu privire la inscrierea partiala a creantei declarate irelevanta,4
actiune nefondata in contencios administrativ invocarea unei discriminari continuta in reglementarile unor acte normative,0
cerere de chemare in judecata prelungire contract de inchiriere notare proces in cartea funciara admisibilitate,1
nulitate absoluta persoana indreptatita,1
decizie de sanctionare disciplinara momentul de la care incepe sa curga termenul in care poate fi emisa termenul de declarare a recursului impotriva unei hotarari pronuntata intro contestatie avand ca obiect anularea unei decizii de sanctionare di,3
imobil bun comun al sotilor adus ca aport in natura la capitalul social act de dispozitie incheiat fara acordul celuilalt sot hotarare de partaj consecinte,4
excluderea asociatului administrator pentru frauda in dauna societatii conditii,4
opozitie formulata de un asociat la inscrierea in registrul comertului a unei hotarari aga inadmisibilitate,4
societate comerciala radiere din registrul comertului creanta stabilita prin hotarare judecatoreasca pronuntata dupa data radierii irelevanta,4
anularea actelor frauduloase incheiate de debitor in dauna creditorilor contract de vanzarecumparare conditii,2
procedura insolventei antrenarea raspunderii administratorului social nepredarea bunurilor aduse ca aport in natura la capitalul social consecinte,2
procedura insolventei cerere de deschidere voluntara cale de atac,2
anularea hotararii si trimiterea cauzei spre rejudecare conditii,3
litigiu intre profesionisti evaluabil in bani conciliere directa prealabila conditii,4
litigiu intre profesionisti cerere reconventionala lipsa procedurii prealabile irelevanta cereri noi formulate prin concluziile scrise inadmisibilitate,4
incalcarea dreptului la aparare si a principiului contradictorialitatii consecinte,2
judecata neanalizarea apararilor uneia dintre parti consecinte,2
litigiu intre profesionisti culpa procesuala consecinte reducerea onorariului de avocat conditii,3
procedura insolventei contestatie la tabelul de creante creditor care nu se regaseste pe lista intocmita de debitor consecinte,2
procedura insolventei cerere de inscriere la masa credala autoritate de lucru judecat conditii,2
recurs la o hotarare pronuntata de o instanta de recurs inadmisibilitate litigiu al carui obiect are o valoarea de pana la lei inclusiv,3
taxa de poluare prevazuta de oug nr refuzul prefectului de inmatriculare a unui autovehicul,0
anularea hotararii cu trimiterea cauzei spre rejudecare pentru necercetarea fondului cauzei conditii,3
procedura insolventei fapte care determina atragerea raspunderii patrimoniale a fostului administrator,2
societate comerciala anulare hotarare aga cerere formulata de un tert conditii,4
societate comerciala anulare hotarare aga cerere formulata de un tert conditii,4
apel suspendat ca urmare a deschiderii procedurii insolventei consecintele inchiderii acestei proceduri judiciare,2
procedura insolventei plan de reorganizare judiciara aprobat de creditori vot neconditionat conditii,2
procedura insolventei declansare la cererea lichidatorului numit de judecatorul delegat la oficiul teritorial al registrului comertului conditii,2
procedura insolventei hotarare de confirmare a planului de reorganizare judiciara critici de oportunitate consecinte,2
anulare hotarare de consiliu local instanta competenta material,0
deschiderea procedurii insolventei la cererea creditorilor creanta izvorata dintrun contract de credit bancar,2
exceptie de neexecutare a contractului omisiunea primei instante de a se pronunta in mod expres asupra acesteia irelevanta,1
plan de reorganizare judiciara creanta defavorizata conditii,2
procedura insolventei contestatie la tabelul de creante incalcarea principiului disponibilitatii si pe cel al legalitatii cailor de atac consecinte,2
calificarea caii de atac in functie de valoarea imobilului criterii,3
schimbare domiciliu in cursul procesului obligatia partii,3
societate comerciala anularea hotarare aga motive,4
anularea actelor frauduloase incheiate in dauna creditorilor constituire garantii in temeiul codului de procedura fiscala inadmisibilitate,2
procedura insolventei contestatie la planul de distribuire creditor a carui creanta nu a fost acceptata de lichidatorul judiciar consecinte,2
procedura insolventei cerere de deschidere voluntara cale de atac,2
societate comerciala cerere de inscriere mentiuni in registrul comertului reziliere contract de cesiune parti sociale admisibilitate,4
casare problemele de drept dezlegate de instanta de recurs autoritate de lucru judecat,3
procedura insolventei atragerea raspunderii patrimoniale a fostului administrator pentru nepredarea documentelor contabile ale debitorului conditii,2
societate comerciala listata adunarea generala extraordinara a actionarilor nerespectarea procedurii de convocare consecinte,4
societate comerciala cerere de radiere mentiune din registrul comertului conditii,4
hotarare care nu poate fi atacata cu apel interpretarea art c pr civ,3
hotararea adunarii generale a actionarilor lipsa publicarii convocatorului adunarii generale si in monitorul oficial al romaniei partea a iva neindeplinirea cerintei prevederilor art alin din legea nr privind convocarea sanctiuni,4
respingerea actiunii creditorului pentru angajarea raspunderii patrimoniale personale a administratorului societatii debitoare lipsa notificarii creditorilor de catre lichidator a disponibilitatii de a exercita recurs impotriva sentintei exercitarea,2
hotarare de consiliu local pentru mandatare in vederea efectuarii unor demersuri judiciare lipsa caracterului de act administrativ de autoritate,0
exceptia autoritatii de lucru judecat si prezumtia puterii de lucru judecat delimitare,3
greseli materiale delimitare fata de greseli de judecata,3
adunarea generala a asociatiilor neconvocarea asociatului care detine din partile sociale lipsa unei procuri speciale acordate persoanei mandatare nulitatea hotararilor adunarii generale,4
procedura insolventei actiune in anularea transferului patrimonial fraudulos termenul pentru introducerea actiunii tardivitate,2
